Datetime,Water Level (m)
2025-03-21 00:00:00,0.12911849
2025-03-21 01:00:00,0.1890554
2025-03-21 02:00:00,0.115316875
2025-03-21 03:00:00,-0.044754792
2025-03-21 04:00:00,-0.20650342
2025-03-21 05:00:00,-0.37538135
2025-03-21 06:00:00,-0.5401888
2025-03-21 07:00:00,-0.67387694
2025-03-21 08:00:00,-0.77828586
2025-03-21 09:00:00,-0.759275
2025-03-21 10:00:00,-0.44060513
2025-03-21 11:00:00,-0.15593639
2025-03-21 12:00:00,0.13870248
2025-03-21 13:00:00,0.33667555
2025-03-21 14:00:00,0.40806988
2025-03-21 15:00:00,0.28572765
2025-03-21 16:00:00,0.0821071
2025-03-21 17:00:00,-0.10438031
2025-03-21 18:00:00,-0.27571574
2025-03-21 19:00:00,-0.44665813
2025-03-21 20:00:00,-0.57996356
2025-03-21 21:00:00,-0.67458403
2025-03-21 22:00:00,-0.6907029
2025-03-21 23:00:00,-0.5313857
2025-03-22 00:00:00,-0.3019894
2025-03-22 01:00:00,-0.105723575
2025-03-22 02:00:00,-0.016427988
2025-03-22 03:00:00,-0.06825303
2025-03-22 04:00:00,-0.18871996
2025-03-22 05:00:00,-0.3426713
2025-03-22 06:00:00,-0.5134824
2025-03-22 07:00:00,-0.6539137
2025-03-22 08:00:00,-0.7589421
2025-03-22 09:00:00,-0.82432336
2025-03-22 10:00:00,-0.7599508
2025-03-22 11:00:00,-0.5485376
2025-03-22 12:00:00,-0.32778165
2025-03-22 13:00:00,-0.09084721
2025-03-22 14:00:00,0.13742328
2025-03-22 15:00:00,0.2818299
2025-03-22 16:00:00,0.2763755
2025-03-22 17:00:00,0.1282297
2025-03-22 18:00:00,-0.06404092
2025-03-22 19:00:00,-0.23281617
2025-03-22 20:00:00,-0.38303694
2025-03-22 21:00:00,-0.5206069
2025-03-22 22:00:00,-0.61023194
2025-03-22 23:00:00,-0.6322035
2025-03-23 00:00:00,-0.5530992
2025-03-23 01:00:00,-0.42443186
2025-03-23 02:00:00,-0.28096864
2025-03-23 03:00:00,-0.18104118
2025-03-23 04:00:00,-0.16260487
2025-03-23 05:00:00,-0.1994307
2025-03-23 06:00:00,-0.28093624
2025-03-23 07:00:00,-0.39629307
2025-03-23 08:00:00,-0.51284564
2025-03-23 09:00:00,-0.6088965
2025-03-23 10:00:00,-0.6782313
2025-03-23 11:00:00,-0.6892339
2025-03-23 12:00:00,-0.54884714
2025-03-23 13:00:00,-0.31567562
2025-03-23 14:00:00,-0.07866419
2025-03-23 15:00:00,0.1408492
2025-03-23 16:00:00,0.305023
2025-03-23 17:00:00,0.3781471
2025-03-23 18:00:00,0.3135333
2025-03-23 19:00:00,0.12953159
2025-03-23 20:00:00,-0.07404338
2025-03-23 21:00:00,-0.23749623
2025-03-23 22:00:00,-0.4012011
2025-03-23 23:00:00,-0.5586951
2025-03-24 00:00:00,-0.66987485
2025-03-24 01:00:00,-0.7303856
2025-03-24 02:00:00,-0.6491664
2025-03-24 03:00:00,-0.4651147
2025-03-24 04:00:00,-0.3052859
2025-03-24 05:00:00,-0.16191585
2025-03-24 06:00:00,-0.09476835
2025-03-24 07:00:00,-0.09811538
2025-03-24 08:00:00,-0.18426095
2025-03-24 09:00:00,-0.30675796
2025-03-24 10:00:00,-0.44620353
2025-03-24 11:00:00,-0.5598995
2025-03-24 12:00:00,-0.63107497
2025-03-24 13:00:00,-0.6050824
2025-03-24 14:00:00,-0.4236197
2025-03-24 15:00:00,-0.20493212
2025-03-24 16:00:00,0.048409108
2025-03-24 17:00:00,0.30081278
2025-03-24 18:00:00,0.45827535
2025-03-24 19:00:00,0.46299165
2025-03-24 20:00:00,0.30313492
2025-03-24 21:00:00,0.08513674
2025-03-24 22:00:00,-0.10778304
2025-03-24 23:00:00,-0.28574064
2025-03-25 00:00:00,-0.46954656
2025-03-25 01:00:00,-0.6114812
2025-03-25 02:00:00,-0.7032808
2025-03-25 03:00:00,-0.6485247
2025-03-25 04:00:00,-0.4095015
2025-03-25 05:00:00,-0.17378204
2025-03-25 06:00:00,0.052631862
2025-03-25 07:00:00,0.16161053
2025-03-25 08:00:00,0.16397054
2025-03-25 09:00:00,0.030660015
2025-03-25 10:00:00,-0.13857934
2025-03-25 11:00:00,-0.31020662
2025-03-25 12:00:00,-0.47502
2025-03-25 13:00:00,-0.6028912
2025-03-25 14:00:00,-0.6378512
2025-03-25 15:00:00,-0.39657655
2025-03-25 16:00:00,-0.13451311
2025-03-25 17:00:00,0.17539807
2025-03-25 18:00:00,0.48165104
2025-03-25 19:00:00,0.6750677
2025-03-25 20:00:00,0.67229134
2025-03-25 21:00:00,0.47032082
2025-03-25 22:00:00,0.2151882
2025-03-25 23:00:00,-7.55123e-05
2025-03-26 00:00:00,-0.19691584
2025-03-26 01:00:00,-0.4039243
2025-03-26 02:00:00,-0.5670344
2025-03-26 03:00:00,-0.66447693
2025-03-26 04:00:00,-0.49579418
2025-03-26 05:00:00,-0.1667149
2025-03-26 06:00:00,0.13592294
2025-03-26 07:00:00,0.39322108
2025-03-26 08:00:00,0.49502382
2025-03-26 09:00:00,0.42894801
2025-03-26 10:00:00,0.20202802
2025-03-26 11:00:00,-0.010083694
2025-03-26 12:00:00,-0.19983245
2025-03-26 13:00:00,-0.38551557
2025-03-26 14:00:00,-0.5504558
2025-03-26 15:00:00,-0.6055332
2025-03-26 16:00:00,-0.2969796
2025-03-26 17:00:00,0.023668194
2025-03-26 18:00:00,0.40938047
2025-03-26 19:00:00,0.7458916
2025-03-26 20:00:00,0.9283357
2025-03-26 21:00:00,0.86052275
2025-03-26 22:00:00,0.5795699
2025-03-26 23:00:00,0.30271116
2025-03-27 00:00:00,0.07911987
